,City,Cloudiness,Country,Date,Humidity,Lat,Lng,Max Temp,Wind Speed
0,El Jicaro,8,GT,1551149843,69,14.91,-89.89,65.57,1.59
1,Broken Hill,20,AU,1551146400,13,-31.97,141.45,89.6,5.82
2,Avera,1,US,1551149822,70,33.19,-82.53,48.99,4.38
3,Avarua,0,CK,1551148200,65,-21.21,-159.78,82.4,13.87
4,Mayumba,92,GA,1551149849,100,-3.44,10.65,80.15,4.05
5,Constitucion,5,MX,1551145320,22,23.99,-104.67,68.0,24.16
6,Hilo,1,US,1551149783,53,19.71,-155.08,77.0,10.29
7,Longyearbyen,75,NO,1551149400,58,78.22,15.63,-2.21,2.24
8,Albany,90,US,1551149825,73,42.65,-73.75,26.6,19.46
9,Bethel,90,US,1551146160,74,60.79,-161.76,39.2,16.11
10,Arraial do Cabo,64,BR,1551149858,93,-22.97,-42.02,76.86,4.38
11,Barrow,32,AR,1551149859,69,-38.31,-60.23,48.33,11.32
12,Thompson,40,CA,1551146400,63,55.74,-97.86,-11.21,6.93
13,Ushuaia,75,AR,1551146400,81,-54.81,-68.31,44.6,18.34
14,Atuona,0,PF,1551149863,100,-9.8,-139.03,81.45,6.73
15,Grand Gaube,75,MU,1551149642,83,-20.01,57.66,80.6,6.93
16,Mehamn,0,NO,1551149866,81,71.03,27.85,16.11,3.38
17,Cape Town,75,ZA,1551149567,100,-33.93,18.42,69.01,12.75
18,Krasnyy Yar,92,RU,1551149868,94,50.7,44.73,26.28,7.52
19,Mataura,12,NZ,1551149406,63,-46.19,168.86,64.99,11.99
20,Port Alfred,88,ZA,1551149839,93,-33.59,26.89,69.01,7.0
21,Khatanga,36,RU,1551149872,49,71.98,102.47,-17.55,5.5
22,Saint-Philippe,90,CA,1551149831,61,45.36,-73.48,17.01,9.17
23,Vaini,0,IN,1551146400,59,15.34,74.49,62.6,2.26
24,Rikitea,80,PF,1551149876,100,-23.12,-134.97,80.42,11.43
25,Hermanus,56,ZA,1551149189,81,-34.42,19.24,70.0,1.01
26,Georgetown,20,GY,1551146400,94,6.8,-58.16,73.4,4.7
27,Seoul,1,KR,1551147600,38,37.57,126.98,44.6,3.36
28,Mattru,0,SL,1551149882,84,7.62,-11.83,75.92,4.27
29,Chico,90,US,1551149647,87,39.73,-121.84,51.01,17.22
30,Annau,90,TM,1551146400,75,37.89,58.52,42.8,2.24
31,Pevek,64,RU,1551149886,99,69.7,170.27,-9.14,7.74
32,Ornskoldsvik,0,SE,1551147600,65,63.29,18.72,44.6,23.04
33,Fort Nelson,75,CA,1551146400,85,58.81,-122.69,10.4,3.27
34,Tanete,20,ID,1551149890,81,-3.94,119.78,85.68,6.62
35,Airai,36,TL,1551149891,77,-8.93,125.41,81.54,0.69
36,Tawang,0,BT,1551149892,51,27.59,91.87,34.07,1.7
37,Lorengau,44,PG,1551149894,96,-2.02,147.27,83.34,5.73
38,Talaya,40,RU,1551149727,78,55.79,84.89,12.99,15.66
39,Kapaa,75,US,1551149598,60,22.08,-159.32,78.8,13.87
40,Esperance,75,TT,1551149707,88,10.24,-61.45,75.2,5.84
41,Vestmanna,88,FO,1551149400,93,62.16,-7.17,48.2,14.99
42,Bluff,8,AU,1551149900,36,-23.58,149.07,89.01,10.76
43,Lata,68,IN,1551149902,87,30.78,78.62,31.82,1.92
44,Saint George,20,GR,1551149600,54,39.45,22.34,37.4,1.59
45,Cockburn Town,0,TC,1551149896,100,21.46,-71.14,76.95,19.37
46,Busselton,80,AU,1551149706,23,-33.64,115.35,91.0,4.16
47,Tuktoyaktuk,40,CA,1551146400,84,69.44,-133.03,8.6,12.75
48,Butaritari,68,KI,1551149908,100,3.07,172.79,83.84,17.13
49,Broome,0,GB,1551149898,80,52.47,1.45,41.0,2.24
50,Punta Arenas,75,CL,1551149586,81,-53.16,-70.91,50.0,28.86
51,Antalaha,88,MG,1551149913,96,-14.9,50.28,76.77,6.4
52,Llata,76,PE,1551149914,96,-9.55,-76.82,43.56,1.7
53,Jamestown,0,AU,1551149916,22,-33.21,138.6,89.64,8.3
54,Castro,20,CL,1551146400,76,-42.48,-73.76,53.6,14.99
55,Sao Filipe,20,CV,1551149919,89,14.9,-24.5,72.32,13.78
56,Chapais,90,CA,1551148860,69,49.78,-74.86,-9.41,19.46
57,Mossendjo,92,CG,1551149921,96,-2.95,12.72,73.53,2.37
58,Katete,0,UG,1551149923,81,-0.78,29.75,56.25,2.59
59,Zonguldak,80,TR,1551149924,100,41.25,31.83,37.26,1.59
60,Iqaluit,40,CA,1551149561,75,63.75,-68.52,-16.01,3.15
61,Carnarvon,0,ZA,1551149927,42,-30.97,22.13,58.19,7.74
62,Sao Joao da Barra,80,BR,1551149928,94,-21.64,-41.05,83.75,21.72
63,Villarrica,0,CL,1551149112,66,-39.28,-72.23,53.6,5.82
64,Norman Wells,40,CA,1551146400,73,65.28,-126.83,21.2,14.99
65,Portland,90,US,1551149722,80,45.52,-122.67,35.01,6.93
66,Caldwell,90,US,1551149823,57,43.67,-116.69,53.6,16.11
67,Yellowknife,40,CA,1551149596,76,62.45,-114.38,-4.01,3.36
68,Chokurdakh,8,RU,1551149936,47,70.62,147.9,-29.39,2.93
69,Srednekolymsk,0,RU,1551149937,69,67.46,153.71,-15.75,3.38
70,Jurbarkas,80,LT,1551149939,91,55.08,22.76,31.59,10.31
71,Egvekinot,80,RU,1551149940,83,66.32,-179.17,13.14,7.74
72,Alta Floresta,20,BR,1551146400,94,-9.87,-56.08,75.2,3.36
73,Mahina,0,ML,1551149943,34,13.76,-10.85,63.59,10.98
74,Nanortalik,24,GL,1551149944,97,60.14,-45.24,34.07,9.08
75,Torbay,90,CA,1551149615,100,47.66,-52.73,32.0,13.87
76,Kaitangata,8,NZ,1551149947,47,-46.28,169.85,70.47,18.14
77,Palmer,0,AU,1551149903,33,-34.85,139.16,98.01,12.75
78,Hawera,0,NZ,1551149591,44,-39.59,174.28,70.0,5.99
79,Paamiut,36,GL,1551149951,100,61.99,-49.67,26.46,16.13
80,Lavrentiya,88,RU,1551149952,96,65.58,-170.99,32.99,23.51
81,Mandalgovi,20,MN,1551149954,81,45.76,106.27,23.31,5.39
82,Tiksi,56,RU,1551149955,69,71.64,128.87,-1.94,2.71
83,Morant Bay,20,JM,1551146400,65,17.88,-76.41,80.6,5.82
84,Takoradi,20,GH,1551149958,100,4.89,-1.75,81.63,10.65
85,Coaticook,90,CA,1551149871,78,45.13,-71.8,14.0,23.04
86,East London,8,ZA,1551149663,99,-33.02,27.91,76.5,6.96
87,Redmond,90,US,1551149872,44,47.67,-122.12,39.2,9.17
88,Dikson,80,RU,1551149963,90,73.51,80.55,11.61,9.53
89,Cidreira,88,BR,1551149964,87,-30.17,-50.22,68.45,6.85
90,Victoria,75,BN,1551148200,83,5.28,115.24,84.2,6.93
91,Svetlogorsk,20,RU,1551148200,84,53.14,59.15,1.4,2.24
92,Okha,32,RU,1551149969,94,53.59,142.95,9.95,10.42
93,Am Timan,92,TD,1551149970,93,11.04,20.28,69.8,7.07
94,Kaihua,36,CN,1551149972,75,29.14,118.41,53.28,3.49
95,Aswan,0,EG,1551146400,21,24.09,32.9,71.6,6.93
96,Macusani,48,PE,1551149974,99,-14.07,-70.43,50.85,1.59
97,Trincomalee,32,LK,1551149975,84,8.58,81.23,81.18,4.05
98,Chicama,90,PE,1551146400,88,-7.84,-79.15,75.2,9.17
99,Sangueya,0,GN,1551149978,71,10.7,-14.37,66.51,1.03
100,Berlevag,0,NO,1551149979,100,70.86,29.09,17.91,3.6
101,Sibolga,20,ID,1551149981,83,1.74,98.78,79.02,2.37
102,Vila Velha,20,BR,1551150000,88,-3.71,-38.6,77.0,7.96
103,Fernie,90,CA,1551149129,47,49.5,-115.06,14.0,6.93
104,Rio Gallegos,40,AR,1551146400,87,-51.62,-69.22,50.0,17.22
105,Jumla,80,NP,1551149986,88,29.28,82.18,19.44,1.81
106,Pangnirtung,36,CA,1551149988,80,66.15,-65.72,-18.9,3.83
107,Northam,0,GB,1551149775,86,51.04,-4.21,48.0,2.24
108,Puerto Ayora,88,EC,1551149869,100,-0.74,-90.35,76.86,4.94
109,Christchurch,8,NZ,1551149585,40,-43.53,172.64,73.0,16.11
110,Okato,0,NZ,1551149591,44,-39.19,173.88,70.0,5.99
111,Colares,0,PT,1551149976,81,38.8,-9.45,57.99,4.7
112,Fortuna,0,ES,1551149974,70,38.18,-1.13,46.99,8.05
113,Mount Gambier,0,AU,1551147660,47,-37.83,140.78,78.8,18.34
114,Bredasdorp,64,ZA,1551149189,81,-34.53,20.04,70.0,1.01
115,Abay,75,KZ,1551148200,85,49.63,72.87,19.4,24.61
116,Simao,0,CN,1551150002,76,22.76,100.79,65.3,2.48
117,Mount Isa,40,AU,1551148200,43,-20.73,139.49,89.6,12.75
118,Fairbanks,1,US,1551149948,66,64.84,-147.72,26.01,2.59
119,Welkom,0,ZA,1551149191,86,-27.98,26.74,55.99,6.96
120,Kruisfontein,12,ZA,1551149982,84,-34.0,24.73,61.56,8.86
121,Huarmey,48,PE,1551150013,82,-10.07,-78.15,68.99,3.15
122,Clyde River,1,CA,1551146400,73,70.47,-68.59,-29.21,2.24
123,Rio Grande,20,BR,1551150016,99,-32.03,-52.1,67.5,7.63
124,Benguela,0,AO,1551150017,100,-12.58,13.4,78.03,4.83
125,Narsaq,80,GL,1551145800,34,60.91,-46.05,35.6,14.99
126,Wufeng,75,TW,1551150016,77,24.63,121.12,73.0,21.92
127,Kaele,20,CM,1551150023,50,10.11,14.45,69.03,4.05
128,Kota Belud,75,MY,1551148200,70,6.35,116.43,87.8,6.93
129,Canillo,0,FR,1551150023,31,42.57,1.6,46.0,1.59
130,Hobart,75,AU,1551149896,59,-42.88,147.33,63.0,8.05
131,Santo Antonio do Ica,24,BR,1551150028,96,-3.1,-67.94,75.33,2.71
132,Leningradskiy,80,RU,1551150029,93,69.38,178.42,-4.59,6.17
133,Kahului,20,US,1551150027,60,20.89,-156.47,80.6,13.87
134,Namibe,48,AO,1551150032,100,-15.19,12.15,75.42,7.85
135,Chuy,0,UY,1551150033,91,-33.69,-53.46,57.24,10.42
136,Ulladulla,0,AU,1551146400,32,-35.36,150.48,84.2,9.17
137,Lompoc,1,US,1551149803,87,34.64,-120.46,54.0,3.36
138,San Quintin,36,PH,1551150037,52,17.54,120.52,82.8,3.04
139,New Norfolk,75,AU,1551150016,59,-42.78,147.06,63.0,8.05
140,Isla Vista,1,US,1551150031,87,34.41,-119.86,55.99,3.36
141,Hithadhoo,88,MV,1551150041,100,-0.6,73.08,78.75,8.97
142,Sandwick,0,GB,1551150027,83,54.57,-2.89,46.99,13.87
143,Santa Cruz Cabralia,40,BR,1551150000,83,-16.28,-39.02,80.6,4.7
144,Lagos,20,NG,1551146400,94,6.46,3.39,78.8,2.24
145,Covington,1,US,1551150022,49,35.56,-89.65,51.01,4.7
146,Espanola,36,CA,1551149206,77,46.27,-81.77,7.0,1.99
147,Bone,40,ID,1551148200,66,-10.32,123.57,91.4,2.24
148,Hun,0,BE,1551150034,57,50.34,4.87,50.0,4.7
149,Bilibino,76,RU,1551150053,57,68.06,166.44,-12.92,3.15
150,Souillac,0,FR,1551150009,93,45.6,-0.6,44.6,2.24
151,Tibiri,0,NE,1551150055,57,13.59,7.06,62.82,3.6
152,Klaksvik,92,FO,1551149400,93,62.23,-6.59,48.2,14.99
153,Presidencia Roque Saenz Pena,56,AR,1551150058,81,-26.79,-60.44,70.83,9.53
154,Murray Bridge,0,AU,1551150003,10,-35.12,139.28,98.01,3.0
155,Veraval,0,FR,1551149995,70,49.65,0.71,46.4,4.7
156,Luderitz,0,NA,1551149976,67,-26.65,15.16,64.22,12.1
157,Grenfell,88,AU,1551150063,85,-33.9,148.16,74.7,4.05
158,Tasiilaq,92,GL,1551145800,92,65.61,-37.64,28.4,13.56
159,Saint-Georges,68,CA,1551150011,86,46.12,-70.67,9.0,11.99
160,Hervey Bay,92,AU,1551150009,37,-25.3,152.85,86.0,17.22
161,Killybegs,68,IE,1551149824,83,54.63,-8.45,48.99,5.01
162,Yaan,88,NG,1551150070,98,7.38,8.57,70.92,4.72
163,Zhigansk,68,RU,1551150071,74,66.77,123.37,-3.29,11.77
164,Skjervoy,88,NO,1551150073,100,70.03,20.97,35.1,19.15
165,Faanui,32,PF,1551150074,100,-16.48,-151.75,83.97,6.51
166,Praia da Vitoria,20,PT,1551149201,87,38.73,-27.07,50.0,27.31
167,Ribeira Grande,36,PT,1551150077,100,38.52,-28.7,55.71,30.22
168,Iskateley,12,RU,1551150078,73,67.68,53.15,7.92,14.67
169,Lebu,0,ET,1551150079,82,8.96,38.73,40.68,2.93
170,Talcahuano,0,CL,1551146400,71,-36.72,-73.12,57.2,8.05
171,Sangar,68,RU,1551150082,63,63.92,127.47,-8.64,11.77
172,Zambezi,8,ZM,1551150083,85,-13.55,23.12,65.97,2.37
173,Inhambane,56,MZ,1551150085,97,-23.87,35.38,76.23,2.15
174,Archidona,88,EC,1551150086,95,-0.91,-77.81,59.72,2.59
175,Rincon,1,US,1551150081,81,32.3,-81.24,55.0,3.6
176,Araouane,0,ML,1551150089,26,18.9,-3.53,53.01,12.44
177,Inuvik,40,CA,1551146400,79,68.36,-133.71,21.2,3.36
178,Ust-Ilimsk,76,RU,1551150092,70,57.96,102.73,19.17,7.4
179,Shaunavon,64,CA,1551150093,63,49.65,-108.41,-10.22,5.17
180,Cayenne,92,GF,1551148200,78,4.94,-52.33,78.8,14.99
181,Taoudenni,0,ML,1551150096,28,22.68,-3.98,51.89,14.67
182,Flin Flon,0,CA,1551150008,56,54.77,-101.88,-6.21,6.73
183,Hobyo,92,SO,1551150099,91,5.35,48.53,76.77,14.79
184,Olinda,75,EC,1551150013,79,-2.03,-79.75,84.2,8.05
185,Kutum,80,SD,1551150102,43,14.2,24.66,72.14,3.6
186,Rocha,0,UY,1551150103,79,-34.48,-54.34,47.79,3.94
187,Atbasar,92,KZ,1551150105,83,51.81,68.36,13.5,3.71
188,Namatanai,36,PG,1551150106,100,-3.66,152.44,83.12,5.39
189,Luganville,92,VU,1551150107,100,-15.51,167.18,80.64,7.18
190,Belyy Yar,0,RU,1551148200,58,53.6,91.39,24.8,2.24
191,Coquimbo,0,CL,1551146400,82,-29.95,-71.34,60.8,5.28
192,Sorland,20,NO,1551150111,100,67.67,12.69,39.78,18.48
193,Port Moresby,40,PG,1551146400,55,-9.47,147.16,89.6,11.41
194,Porbandar,40,IN,1551146400,93,21.64,69.61,66.2,2.24
195,Mbandaka,56,CD,1551150115,92,0.05,18.26,76.05,4.38
196,Mvomero,92,TZ,1551150117,97,-6.3,37.45,70.56,1.7
197,Fairview,1,US,1551149824,36,40.81,-74.0,33.01,19.46
198,Riberalta,0,BO,1551150121,85,-11.0,-66.08,74.52,2.93
199,Chignahuapan,20,MX,1551150122,88,19.84,-98.03,49.68,0.36
200,Den Helder,90,NL,1551150093,93,52.96,4.76,39.99,4.7
201,Tezu,92,IN,1551150125,100,27.93,96.16,48.06,1.03
202,Talnakh,80,RU,1551150127,82,69.49,88.39,12.24,25.64
203,Port Hawkesbury,90,CA,1551150103,92,45.62,-61.36,30.0,17.22
204,San Isidro,36,PH,1551150130,80,16.74,121.63,78.84,4.5
205,Ostrovnoy,80,RU,1551150132,89,68.05,39.51,22.05,12.66
206,Port Hedland,0,AU,1551148200,63,-20.31,118.58,95.0,13.87
207,Bria,36,CF,1551150135,90,6.54,21.99,68.49,2.82
208,Bubaque,0,GW,1551150136,95,11.28,-15.83,78.39,14.56
209,Vilhena,64,BR,1551150044,97,-12.74,-60.15,69.44,2.15
210,Iranshahr,0,IR,1551146400,43,27.21,60.69,55.4,4.7
211,Samarai,0,PG,1551150140,100,-10.62,150.67,83.25,6.96
212,Coahuayana,0,MX,1551150141,61,18.62,-100.35,67.95,2.15
213,Ilulissat,56,GL,1551145800,85,69.22,-51.1,10.4,5.82
214,Port Elizabeth,1,US,1551150139,34,39.31,-74.98,39.0,8.05
215,Bambous Virieux,75,MU,1551149942,83,-20.34,57.76,80.6,6.93
216,Lazaro Cardenas,40,MX,1551145380,15,28.39,-105.62,68.0,6.93
217,Pisco,40,PE,1551146400,78,-13.71,-76.2,75.2,16.11
218,Grindavik,90,IS,1551148200,100,63.84,-22.43,46.4,10.29
219,Aklavik,40,CA,1551146400,79,68.22,-135.01,21.2,3.36
220,Mar del Plata,68,AR,1551150152,83,-46.43,-67.52,48.96,5.17
221,Pitimbu,20,BR,1551146400,88,-7.47,-34.81,80.6,3.36
222,Casteldaccia,0,IT,1551150091,70,38.05,13.53,46.4,14.99
223,Katsuura,40,JP,1551148941,69,33.93,134.5,51.8,13.87
224,Baoding,88,CN,1551150157,61,38.86,115.49,41.72,4.61
225,Upernavik,36,GL,1551150158,100,72.79,-56.15,2.07,6.96
226,Nome,90,US,1551150135,93,30.04,-94.42,55.0,8.05
227,Barabai,20,ID,1551150161,74,-2.59,115.38,87.44,3.27
228,Qaanaaq,0,GL,1551150163,86,77.48,-69.36,-15.17,5.73
229,Bilma,92,NE,1551150164,29,18.69,12.92,57.06,11.32
230,Salalah,0,OM,1551145800,36,17.01,54.1,80.6,17.22
231,Caucaia,20,BR,1551150000,88,-3.73,-38.66,77.0,7.96
232,Nikolskoye,0,RU,1551150005,86,59.7,30.79,35.01,13.42
233,Faridkot,8,IN,1551150169,93,30.67,74.75,47.88,4.16
234,Muravlenko,80,RU,1551150170,86,63.79,74.5,19.85,17.81
235,Caravelas,12,BR,1551150172,100,-17.73,-39.27,83.84,19.26
236,Ammon,90,US,1551150086,80,43.47,-111.97,39.2,17.22
237,Provideniya,90,RU,1551148200,93,64.42,-173.23,32.0,26.84
238,Kavaratti,32,IN,1551150110,100,10.57,72.64,81.99,9.98
239,Atar,0,MR,1551150177,30,20.52,-13.05,58.19,9.64
240,Margate,75,AU,1551150136,59,-43.03,147.26,63.0,8.05
241,Henties Bay,80,NA,1551150131,88,-22.12,14.28,70.0,1.99
242,Sur,0,OM,1551150181,100,22.57,59.53,67.77,20.94
243,Tutoia,44,BR,1551150183,95,-2.76,-42.27,76.86,6.4
244,Honningsvag,44,NO,1551150184,100,70.98,25.97,23.31,7.4
245,Pontianak,76,ID,1551148200,78,-0.02,109.34,82.4,3.36
246,Ponta do Sol,8,BR,1551150187,95,-20.63,-46.0,66.42,3.38
247,Santiago del Estero,68,AR,1551150000,85,-27.8,-64.26,69.84,9.19
248,Ajdabiya,0,LY,1551150189,87,30.75,20.22,38.79,3.15
249,Shingu,0,JP,1551146400,44,33.72,135.99,57.2,16.11
250,Half Moon Bay,90,US,1551150029,71,37.46,-122.43,57.2,17.22
251,Greymouth,8,NZ,1551150194,86,-42.45,171.21,62.6,6.17
252,Coihaique,0,CL,1551146400,81,-45.58,-72.07,48.2,2.24
253,Mizan Teferi,0,ET,1551150086,90,6.99,35.58,56.52,2.59
254,Cabo San Lucas,20,MX,1551149232,68,22.89,-109.91,68.0,4.7
255,Axim,20,GH,1551150199,98,4.87,-2.24,82.8,13.89
256,Tuy Hoa,88,VN,1551150200,96,13.08,109.3,76.05,7.29
257,Evensk,76,RU,1551150201,100,61.92,159.24,-2.57,7.18
258,Sitka,12,US,1551150075,89,37.17,-99.65,16.0,13.0
259,North Bend,75,US,1551150101,86,43.41,-124.22,41.0,9.17
260,Vanderhoof,0,CA,1551150206,44,54.02,-124.02,12.24,8.86
261,Djambala,88,CG,1551150207,99,-2.55,14.76,67.82,7.07
262,Asenovgrad,0,BG,1551148200,73,42.01,24.88,32.0,4.7
263,Kindu,24,CD,1551150211,74,-2.95,25.92,76.23,2.04
264,Saskylakh,12,RU,1551150212,54,71.97,114.09,-19.44,3.04
265,Maniitsoq,0,GL,1551150213,77,65.42,-52.9,8.82,3.04
266,Patacamaya,92,BO,1551150215,94,-17.23,-67.92,45.0,3.27
267,Alofi,92,NU,1551150216,100,-19.06,-169.92,80.46,26.87
268,Aksu,0,KZ,1551148200,92,52.04,76.93,5.0,6.71
269,Kenitra,0,MA,1551150041,46,34.26,-6.57,55.99,5.82
270,West Wendover,1,US,1551146160,45,40.74,-114.07,48.2,17.22
271,San Juan,20,PH,1551150188,58,14.6,121.03,86.0,6.93
272,Ios,32,GR,1551150173,81,36.73,25.28,52.0,29.97
273,Longhua,80,CN,1551150225,98,29.21,106.21,51.89,4.16
274,Zinder,32,NE,1551150172,68,13.81,8.99,64.22,2.71
275,Hualmay,20,PE,1551150095,87,-11.1,-77.61,70.11,4.16
276,Patti,5,IT,1551150105,75,38.14,14.96,46.4,10.98
277,Ilo,0,PE,1551150230,94,-17.65,-71.34,63.59,3.38
278,Sawang Daen Din,88,TH,1551150231,98,17.48,103.46,72.77,3.38
279,Bumba,48,CD,1551150233,97,2.18,22.47,70.83,2.82
280,Kodiak,90,US,1551150223,31,39.95,-94.76,30.0,16.11
281,Marsh Harbour,48,BS,1551150235,100,26.54,-77.06,73.98,21.72
282,Kavieng,32,PG,1551150237,100,-2.57,150.8,81.54,6.4
283,Luangwa,0,MZ,1551150238,90,-15.62,30.4,69.21,2.93
284,Lakshmipur,0,BD,1551150239,100,22.94,90.83,70.92,7.96
285,Batagay,12,RU,1551150241,68,67.65,134.64,-23.99,3.71
286,Saldanha,0,PT,1551149989,77,41.42,-6.55,33.03,2.59
287,Hamilton,75,BM,1551149527,63,32.3,-64.78,64.4,20.8
288,Vardo,1,US,1551150045,29,39.62,-77.74,39.2,4.7
289,Kichera,64,RU,1551150246,85,55.93,110.1,19.53,2.15
290,Mumford,12,GH,1551150248,89,5.26,-0.76,79.7,10.65
291,Mnogovershinnyy,20,RU,1551150249,57,53.94,139.92,13.32,6.85
292,Hungund,0,IN,1551150250,35,16.07,76.05,73.22,10.76
293,Nurlat,76,RU,1551150251,88,54.43,50.8,15.48,10.09
294,Saint-Pierre,0,FR,1551150125,89,48.95,4.24,37.99,5.82
295,Bathsheba,40,BB,1551146400,83,13.22,-59.52,77.0,20.8
296,Conceicao do Araguaia,88,BR,1551149981,96,-8.26,-49.26,72.72,2.93
297,Goderich,8,CA,1551149907,74,43.74,-81.71,19.99,14.23
298,Biak,56,ID,1551150259,100,-0.91,122.88,79.02,1.92
299,Bambanglipuro,8,ID,1551150260,96,-7.95,110.28,84.2,4.16
300,Severo-Kurilsk,64,RU,1551150261,100,50.68,156.12,22.59,13.33
301,Ouadda,12,CF,1551150262,87,8.07,22.4,68.4,2.82
302,Salina,1,US,1551150003,56,36.29,-95.15,53.6,9.17
303,Reconquista,0,AR,1551150265,77,-29.14,-59.64,68.67,12.77
304,Naze,92,NG,1551150267,98,5.43,7.07,72.27,4.61
305,Ambunti,92,PG,1551150268,96,-4.22,142.82,77.09,3.04
306,Sinnamary,92,GF,1551150111,96,5.38,-52.96,79.02,13.67
307,Muromtsevo,88,RU,1551150270,83,56.37,75.24,12.69,9.75
308,Ancud,20,CL,1551146400,76,-41.87,-73.83,53.6,14.99
309,Port Hardy,5,CA,1551146400,29,50.7,-127.42,37.4,18.34
310,Nantucket,1,US,1551150242,46,41.28,-70.1,32.0,29.97
311,Blagoyevo,80,RU,1551150276,96,63.37,47.92,27.36,5.06
312,Gasa,8,BT,1551150277,68,27.91,89.73,1.94,2.37
313,Velingara,0,SN,1551150279,22,13.64,-16.01,64.35,7.4
314,Rangkasbitung,20,ID,1551150259,66,-6.35,106.25,90.0,9.17
315,Tuatapere,24,NZ,1551150008,64,-46.13,167.69,64.99,10.0
316,Yeniseysk,80,RU,1551150283,80,58.45,92.17,18.0,5.5
317,Shenjiamen,0,CN,1551150285,88,29.96,122.3,51.93,10.65
318,Jawhar,0,IN,1551150286,76,19.91,73.23,67.41,2.71
319,Swan River,0,CA,1551150082,64,52.11,-101.27,-9.32,6.62
320,San Patricio,92,PY,1551150289,90,-26.98,-56.83,67.77,4.83
321,Anadyr,90,RU,1551149587,92,64.73,177.51,28.4,49.21
322,Geraldton,5,CA,1551146400,63,49.72,-86.95,-9.41,8.05
323,Beitbridge,20,ZA,1551150293,95,-22.21,29.99,70.65,5.39
324,Torbat-e Jam,76,IR,1551150294,99,35.24,60.63,30.69,2.26
325,Diffa,76,NE,1551150296,23,13.32,12.61,74.52,7.4
326,Clemson,1,US,1551150244,64,34.69,-82.84,50.0,3.36
327,The Valley,40,AI,1551149233,73,18.22,-63.06,77.0,14.99
328,Galesong,20,ID,1551148200,70,-5.32,119.37,86.0,3.36
329,College,1,US,1551149916,66,64.86,-147.8,26.01,2.59
330,Hazorasp,0,UZ,1551148200,95,41.32,61.08,35.6,4.7
331,Guozhen,88,CN,1551150303,100,29.3,113.14,49.37,3.6
332,Bacolod,0,PH,1551150096,54,10.68,122.95,82.26,10.65
333,Udachnyy,56,RU,1551150306,68,66.42,112.4,8.28,6.17
334,Tanout,68,NE,1551150307,43,14.97,8.88,66.24,2.48
335,Hasaki,75,JP,1551149376,57,35.73,140.83,50.0,16.11
336,Kropotkin,92,RU,1551150310,92,45.43,40.58,31.82,17.02
337,Bandarbeyla,88,SO,1551150311,100,9.49,50.81,76.86,9.86
338,Lasa,0,CY,1551150125,52,34.92,32.53,66.2,12.75
339,Thohoyandou,92,ZA,1551150314,95,-22.97,30.46,67.19,2.37
340,Aljezur,0,PT,1551150154,51,37.31,-8.8,55.99,1.01
341,Isangel,48,VU,1551150317,100,-19.55,169.27,82.17,9.64
342,Husavik,0,CA,1551150004,74,50.56,-96.99,-5.01,5.01
343,Segezha,12,RU,1551150320,82,63.74,34.31,27.18,8.86
344,Juneau,40,US,1551150016,47,58.3,-134.42,37.4,6.93
345,Atikokan,0,CA,1551150132,54,48.76,-91.62,-5.36,7.52
346,Karratha,0,AU,1551150080,32,-20.74,116.85,99.09,4.38
347,Kirkuk,0,IQ,1551150325,77,35.47,44.4,38.97,5.06
348,Sovetskiy,92,RU,1551150037,91,56.76,48.47,22.37,9.19
349,Morlaix,0,FR,1551150186,65,48.58,-3.83,46.99,3.36
350,Sawtell,90,AU,1551150208,64,-30.38,153.1,79.0,6.93
351,Hofn,92,IS,1551150330,91,64.25,-15.21,44.1,44.43
352,Acapulco,5,MX,1551145620,88,16.86,-99.88,78.8,4.27
353,Baruun-Urt,12,MN,1551150333,41,46.68,113.28,28.53,8.41
354,Balasore,88,IN,1551150334,100,21.5,86.92,68.49,4.83
355,Shakiso,0,ET,1551150336,70,5.77,38.9,48.74,2.93
356,Guerrero Negro,0,MX,1551150337,80,27.97,-114.04,54.05,9.08
357,Moerai,88,PF,1551150339,100,-22.43,-151.33,79.2,11.54
358,Khandbari,36,NP,1551150341,63,27.38,87.21,24.44,1.59
359,Dudinka,80,RU,1551150342,80,69.41,86.18,12.92,30.33
360,Jalalabad,75,AF,1551146100,81,34.43,70.46,44.6,3.36
361,Halifax,40,CA,1551150069,86,44.65,-63.58,28.0,25.28
362,Bud,68,NO,1551150068,87,62.91,6.91,42.8,6.93
363,Meulaboh,32,ID,1551150347,100,4.14,96.13,82.49,2.71
364,Beidao,92,CN,1551150349,99,34.57,105.89,33.44,3.6
365,Sao Pedro do Sul,90,BR,1551146400,100,-29.62,-54.18,66.2,1.12
366,Erdenet,0,MN,1551150088,43,49.03,104.04,26.73,6.85
367,San Cristobal,75,EC,1551150033,93,-0.39,-78.55,57.2,6.93
368,Kontagora,48,NG,1551150354,80,10.4,5.47,73.67,7.74
369,Hambantota,40,LK,1551147000,100,6.12,81.12,78.8,6.93
370,Tubuala,20,PA,1551150018,69,9.52,-79.03,80.6,4.7
371,Medak,0,IN,1551150097,69,18.05,78.27,75.99,9.42
372,Codrington,90,AU,1551150351,57,-28.95,153.24,81.0,11.41
373,Sao Borja,36,BR,1551150121,70,-28.66,-56.0,73.4,11.65
374,Honiara,88,SB,1551150362,79,-9.43,159.96,82.04,3.6
375,Isiro,0,CD,1551150363,90,2.77,27.62,68.27,2.37
376,Ketchikan,1,US,1551146160,27,55.34,-131.65,39.2,5.82
377,Roald,76,NO,1551150305,87,62.58,6.12,45.0,6.93
378,Yumen,0,CN,1551150368,50,40.29,97.04,24.84,3.15
379,Sundargarh,68,IN,1551150369,86,22.12,84.04,65.97,4.61
380,Agadir,0,MA,1551148200,53,30.42,-9.58,50.0,6.93
381,Noumea,90,NC,1551148200,94,-22.28,166.46,73.4,20.8
382,Parral,0,CL,1551149471,42,-36.14,-71.82,62.6,8.05
383,Nabire,68,ID,1551150374,86,-3.36,135.5,77.0,2.48
384,Porto Belo,75,BR,1551150308,94,-27.15,-48.54,73.99,5.82
385,Xam Nua,36,LA,1551150377,87,20.42,104.04,65.79,2.04
386,Japura,92,ID,1551150378,90,-0.42,102.29,79.07,1.14
387,Watsa,0,CD,1551150380,85,3.04,29.53,63.99,3.15
388,Mahebourg,75,MU,1551150242,83,-20.41,57.7,80.6,6.93
389,Sebinkarahisar,48,TR,1551150382,76,40.29,38.42,13.95,1.7
390,Payo,24,ID,1551150384,90,-3.75,103.64,82.85,4.16
391,Traunstein,20,DE,1551150380,73,47.87,12.64,39.0,9.17
392,Orlik,44,RU,1551150386,67,52.51,99.83,7.2,2.04
393,Mackay,5,CA,1551146400,45,53.65,-115.58,5.0,3.36
394,Champerico,5,MX,1551149220,73,16.38,-93.6,73.4,11.41
395,Port Lincoln,0,AU,1551150390,65,-34.72,135.86,78.39,12.66
396,Kanigoro,32,ID,1551150392,97,-8.13,112.22,83.79,5.28
397,Tiznit,0,MA,1551150393,61,29.7,-9.73,54.0,3.27
398,La Asuncion,92,EC,1551150394,99,-1.64,-78.74,47.84,2.48
399,Carutapera,92,BR,1551150396,100,-1.2,-46.02,73.53,5.17
400,Saint-Augustin,0,FR,1551150369,93,44.83,-0.61,44.01,2.24
401,Aykhal,44,RU,1551150399,68,65.95,111.51,8.1,9.19
402,Cairns,32,AU,1551149005,62,-16.92,145.77,86.0,20.8
403,Harnosand,0,SE,1551150319,60,62.63,17.94,45.0,17.22
404,Virginia Beach,1,US,1551150374,44,36.85,-75.98,48.2,5.82
405,Ayan,20,TR,1551150404,66,40.67,33.6,14.76,2.15
406,Tirumullaivasal,44,IN,1551150405,100,11.24,79.84,77.13,5.61
407,Grozesti,0,RO,1551150124,79,44.65,23.32,28.0,6.93
408,Vasai,0,IN,1551150408,87,22.43,69.93,65.79,7.74
409,Prince Rupert,1,CA,1551146400,31,54.32,-130.32,33.8,9.17
410,Dafeng,12,CN,1551150411,73,33.2,120.46,50.72,14.0
411,Pakxan,88,LA,1551150412,91,18.39,103.66,71.55,2.04
412,Mtwara,76,TZ,1551150413,100,-10.28,40.18,78.89,4.38
413,Labuhan,48,ID,1551150414,81,-2.54,115.51,81.99,3.38
414,Aksarka,88,RU,1551150416,100,66.56,67.8,11.07,26.42
415,Pinos,40,MX,1551145620,45,22.3,-101.57,64.4,5.82
416,Yomou,0,GN,1551150419,73,7.57,-9.26,72.59,6.17
417,Changji,92,CN,1551150420,87,32.07,116.17,46.53,8.41
418,Raudeberg,80,NO,1551150305,93,61.99,5.14,46.99,11.41
419,Kulhudhuffushi,0,MV,1551150423,100,6.62,73.07,81.27,8.41
420,Viedma,0,AR,1551150350,46,-40.81,-62.99,56.25,16.24
421,Volchikha,44,RU,1551150425,78,52.02,80.36,14.0,6.51
422,Lagoa,0,PT,1551150406,71,37.14,-8.45,57.2,18.34
423,Harper,90,US,1551150316,71,30.3,-99.24,59.0,6.93
424,Havre-Saint-Pierre,90,CA,1551149100,78,50.23,-63.6,15.8,12.75
425,Bronnoysund,20,NO,1551150302,93,65.46,12.2,41.0,6.93
426,Lugovoy,80,RU,1551150435,84,59.72,65.88,21.69,8.52
427,Chapleau,20,CA,1551146400,70,47.85,-83.4,-2.21,4.7
428,Nova Aurora,56,BR,1551150437,95,-18.06,-48.26,66.33,0.92
429,Laguna,75,MX,1551145500,51,27.52,-110.01,62.6,5.82
430,Ati,92,TD,1551150440,24,13.21,18.34,76.41,5.95
431,Sola,48,NO,1551150303,93,58.89,5.65,46.0,3.36
432,Itarema,88,BR,1551150443,94,-2.92,-39.92,77.09,6.4
433,Benidorm,0,ES,1551150440,70,38.54,-0.13,50.0,8.05
434,Qasigiannguit,56,GL,1551145800,85,68.82,-51.19,10.4,5.82
435,Puerto Maldonado,32,PE,1551150447,96,-12.59,-69.19,73.44,3.15
436,Derby,0,GB,1551150427,80,52.92,-1.48,44.6,5.84
437,Antofagasta,20,CL,1551146400,82,-23.65,-70.4,68.0,5.82
438,Los Llanos de Aridane,0,ES,1551150007,100,28.66,-17.92,62.6,2.24
439,Lamu,12,ID,1551150452,85,0.57,122.3,82.22,2.37
440,Surskoye,92,RU,1551150453,94,54.48,46.71,26.28,3.71
441,Drovyanaya,0,RU,1551148200,67,51.58,113.05,19.4,3.71
442,Naron,0,ES,1551150240,87,43.52,-8.15,55.99,5.82
443,Artyom,40,RU,1551148200,27,43.36,132.19,35.6,11.18
444,Gawler,0,AU,1551150344,33,-34.6,138.75,97.0,12.75
445,Waterloo,90,CA,1551150353,66,43.47,-80.52,19.99,17.22
446,Komsomolskiy,32,RU,1551150462,71,67.55,63.78,0.32,21.16
447,Klyuchi,48,RU,1551150464,59,52.25,79.17,10.62,6.17
448,Nioki,56,CD,1551150465,99,-2.72,17.69,71.28,4.16
449,Rognan,75,NO,1551150290,86,67.1,15.4,39.2,9.17
450,Alenquer,90,BR,1551150000,100,-1.95,-54.74,73.4,2.24
451,Naifaru,68,MV,1551150469,100,5.44,73.37,81.77,9.53
452,Male,92,UA,1551150470,92,50.74,33.7,32.4,13.0
453,Mabaruma,0,GY,1551150472,85,8.2,-59.78,76.23,6.4
454,Dicabisagan,80,PH,1551150473,93,17.08,122.42,76.77,8.41
455,Bonthe,0,SL,1551150474,96,7.53,-12.5,77.09,5.17
456,Nuuk,32,GL,1551145800,92,64.17,-51.74,19.4,12.75
457,Hay River,75,CA,1551146400,84,60.82,-115.79,6.8,3.15
458,Tazovskiy,80,RU,1551150393,85,67.47,78.7,16.07,25.86
459,Hackettstown,5,US,1551150433,50,40.85,-74.83,32.0,10.29
460,Killeen,1,US,1551150197,71,31.12,-97.73,57.99,4.7
461,Orapa,0,BW,1551150483,68,-21.28,25.37,71.64,12.1
462,Maltahohe,68,NA,1551150484,29,-24.83,16.98,69.35,8.41
463,Haines Junction,0,CA,1551150486,79,60.75,-137.51,1.62,1.92
464,Srednyaya Yelyuzan,92,RU,1551149290,85,53.02,45.95,32.0,4.94
465,Karatuzskoye,68,RU,1551150488,74,53.61,92.87,19.08,3.15
466,Deniliquin,48,AU,1551150490,36,-35.53,144.96,88.2,4.61
467,Seymchan,56,RU,1551150491,71,62.93,152.39,-7.11,10.65
468,Suhbaatar,0,MN,1551150492,47,50.23,106.21,31.64,3.71
469,Kendari,48,ID,1551150493,86,-3.99,122.52,84.96,3.6
470,Padang,44,ID,1551150495,100,-0.92,100.36,83.88,2.26
471,Clinceni,0,RO,1551150417,73,44.38,25.94,28.0,5.82
472,Kloulklubed,75,PW,1551149400,70,7.04,134.26,84.2,11.41
473,Pochutla,5,MX,1551150035,69,15.74,-96.47,80.6,10.2
474,Namwala,0,ZM,1551150500,72,-15.75,26.45,67.32,7.4
475,Znamenskoye,88,RU,1551150502,84,57.13,73.82,14.09,9.19
476,Port Blair,0,IN,1551150503,100,11.67,92.75,82.4,9.98
477,Polunochnoye,64,RU,1551150504,74,60.87,60.43,13.23,6.51
478,Arlit,8,NE,1551150506,56,18.74,7.39,58.05,2.71
479,Lodja,12,CD,1551150507,89,-3.52,23.6,71.42,2.59
480,Buala,92,SB,1551150508,83,-8.15,159.59,83.97,7.74
481,Ambon,0,FR,1551150426,80,47.55,-2.56,46.0,8.05
482,Guantanamo,68,BO,1551150511,82,-16.14,-62.05,76.05,5.95
483,Vanimo,64,PG,1551150512,100,-2.67,141.3,81.95,4.94
484,Mao,20,DO,1551150314,78,19.55,-71.08,75.99,9.17
485,Arawa,100,NG,1551150515,98,7.05,3.9,75.29,3.04
486,Necochea,12,AR,1551150408,85,-38.55,-58.74,50.0,3.0
487,Kharp,88,RU,1551150518,79,66.82,65.8,17.91,9.53
488,Beyneu,24,KZ,1551150519,82,45.32,55.19,14.72,6.17
489,Tomatlan,0,MX,1551150520,94,19.93,-105.25,70.52,2.82
490,Cherskiy,8,RU,1551150522,75,68.75,161.3,-17.55,3.27
491,Luau,76,CD,1551150523,91,-10.7,22.23,67.64,1.92
492,Guymon,90,US,1551148500,85,36.68,-101.48,23.0,19.46
493,Inongo,8,CD,1551150526,97,-1.93,18.29,74.12,5.61
494,Xichang,32,CN,1551150527,28,27.88,102.25,56.52,2.59
495,Pizarro,32,CO,1551150528,91,4.95,-77.37,78.03,3.38
496,Qaqortoq,76,GL,1551145800,34,60.72,-46.03,35.6,14.99
497,Sunrise Manor,75,US,1551150352,32,36.21,-115.07,55.4,5.82
498,Trinidad,0,UY,1551150532,79,-33.52,-56.9,49.32,2.93
499,Abu Zabad,24,SD,1551150533,54,12.35,29.25,67.77,2.48
500,Shenzhen,40,CN,1551150524,77,22.54,114.05,70.0,20.8
501,Vila Franca do Campo,20,PT,1551150493,71,37.72,-25.43,55.0,25.28
502,Shiloh,1,US,1551150209,69,38.56,-89.9,37.0,8.75
503,Khani,90,GE,1551148200,93,41.96,42.96,41.0,4.7
504,Kuhdasht,0,IR,1551145860,78,33.53,47.61,32.0,4.7
505,Markova,0,RU,1551149952,92,52.21,104.21,28.0,2.24
506,Inskoy,68,RU,1551150543,84,54.43,86.44,16.7,7.63
507,Muros,0,ES,1551150537,71,42.77,-9.06,55.99,3.36
508,Uray,64,RU,1551150546,84,60.13,64.8,19.17,8.08
509,Vao,80,EE,1551150547,94,59.1,26.19,32.72,10.42
510,Sale,0,GB,1551150544,56,53.42,-2.32,48.2,1.12
511,Pervomayskiy,88,RU,1551150550,95,53.24,40.29,31.32,9.64
512,Saint-Joseph,0,FR,1551150106,75,43.56,6.97,51.8,5.82
513,Yegorlykskaya,88,RU,1551150553,92,46.56,40.65,30.47,16.24
514,Harrison,90,US,1551150524,54,39.26,-84.82,33.01,3.15
515,Nishihara,75,JP,1551150530,66,35.74,139.53,55.0,11.41
516,Loudi,92,CN,1551150557,100,27.73,112.0,47.61,4.27
517,Dunedin,24,NZ,1551149923,56,-45.87,170.5,69.01,8.99
518,Karacabey,75,TR,1551150557,86,40.21,28.36,44.01,20.8
519,Mangrol,64,IN,1551150561,50,25.33,76.51,61.11,1.03
520,Poum,0,MK,1551150563,80,41.28,20.71,7.7,1.7
